int32,string,string,string,QuestType,int32,int32,int32,int32,int32,String,String,String,String,String,String
questId,questName,questDesc,goalDesc,type,checkId,checkGoal,rewardExp,rewardItem,rewardCount,prefabFile,atlasFile,atlasName,iconName,rewardAtlasName,rewardIconName
-,퀘스트 제목,퀘스트 설명,목표 설명,Enum으로 관리,타입에 따른 체크 ID,목표 카운트,보상경험치,보상아이템ID,보상 개수,"퀘스트 아이콘
프리팹 경로","퀘스트 아이콘
아틀라스 경로","퀘스트 아이콘
아틀라스 이름","퀘스트 아이콘
아틀라스 내 파일 이름","퀘스트 보상 아이콘
아틀라스 이름","퀘스트 보상 아이콘
아틀라스 내 파일 이름"
701000001,QuestMonsterHuntTitle,QuestMonsterHuntDesc,목표설명스트링,MonsterHunt,0,0,0,0,0,a,b,c,d,e,f
